재활용,822
재활용품,148
폐기물,103
배터리,86
페트병,84
쓰레기,81
사업,81
수거,79
자원,73
배출,66
분리,60
친환경,57
플라스틱,54
현대,50
추진,39
처리,37
순환,37
전기차,35
인천,33
확대,32
사용,31
환경부,31
시설,30
발전,30
기술,30
업계,30
추석,29
환경,29
소재,27
제품,27
포장재,26
현대차,25
코로나,25
개최,24
업체,24
화학,23
관리,23
협력,23
인증,23
증가,22
수집,22
공개,22
태양광,22
패널,22
수원시,22
그린,21
대책,21
새마을,21
조성,21
개발,21
운영,20
시범,20
빗물,20
전용,20
시스템,19
보조,19
조명,19
공동,19
협약,19
최초,19
아이스팩,18
연휴,18
주택,18
루브리컨츠,18
우수,17
뉴딜,16
에너지,16
비닐,15
판매,15
재활,15
이노,15
기아차,15
캠페인,14
화재,14
앞장,14
개선,14
시장,14
신고,14
제철,14
한국,13
청주,13
실시,13
제로,13
획득,13
철근,13
의류,12
구축,12
대란,12
위해,12
무상,12
흥국생명,12
어려움,12
신제품,12
화장품,12
염태영,12
형강,12
석탄,12
마련,11
별장,11
김해시,11
