환경문제,441
환경,340
해결,292
문제,283
환경부,69
협력,67
도시,53
교통,50
대응,50
사회,48
개선,45
스마트,45
개최,42
교육,41
하이닉스,41
플라스틱,36
소셜,34
대통령,33
에너지,33
시티,31
위해,30
이노베이션,30
린지,29
친환경,28
지역,28
코로나,27
데모,27
데이,27
손보,26
미세먼지,25
환경오염,24
인천,24
제주,24
사업,24
논의,24
시민,23
발굴,23
위원회,23
기업,22
투자,22
앞장,22
베트남,21
이노,21
노력,20
일자리,20
온라인,20
방안,20
종합,19
녹색,19
안전,19
수원시,18
그룹,17
화학,17
글로벌,17
비즈니스,17
한화,17
그린,17
익산시,17
자원,16
관심,16
공동,16
쓰레기,16
계획,16
기후,15
세계,15
단체,15
공업,15
지구,15
지정,15
출범,14
국민,14
적극,14
태양광,14
광주시,14
성장,14
추진,14
지원,13
건설,13
개발,13
공모,13
경주시,13
발족,13
한국,13
에코,12
산업,12
회장,12
미래,12
국가,12
순환,11
화보,11
의원,11
경제,11
기후변화,11
육성,11
장관,11
최고,11
마을,11
최초,11
모색,11
업계,10
